,0,1
0,panel01,20200509_01
1,panel01,20200520_03
2,panel01,20200521_03
3,panel02,20200509_01
4,panel02,20200520_03
5,panel02,20200521_03
6,panel03,20200509_01
7,panel03,20200520_03
8,panel03,20200521_03
9,panel04,20200509_01
10,panel04,20200520_03
11,panel04,20200521_03
12,panel05,20200509_01
13,panel05,20200520_03
14,panel05,20200521_03
15,panel06,20200509_01
16,panel06,20200520_03
17,panel06,20200521_03
18,panel07,20200509_01
19,panel07,20200520_03
20,panel07,20200521_03
21,panel08,20200509_01
22,panel08,20200520_03
23,panel08,20200521_03
24,panel09,20200509_01
25,panel09,20200520_03
26,panel09,20200521_03
27,panel10,20200509_01
28,panel10,20200520_03
29,panel10,20200521_03
30,panel11,20200509_01
31,panel11,20200520_03
32,panel11,20200521_03
33,panel12,20200509_01
34,panel12,20200520_03
35,panel12,20200521_03
36,panel13,20200509_01
37,panel13,20200520_03
38,panel13,20200521_03
39,panel14,20200509_01
40,panel14,20200520_03
41,panel14,20200521_03
42,panel15,20200509_01
43,panel15,20200520_03
44,panel15,20200521_03
45,panel16,20200509_01
46,panel16,20200520_03
47,panel16,20200521_03
48,panel17,20200509_01
49,panel17,20200520_03
50,panel17,20200521_03
51,panel18,20200509_01
52,panel18,20200520_03
53,panel18,20200521_03
54,panel19,20200509_01
55,panel19,20200520_03
56,panel19,20200521_03
57,panel20,20200509_01
58,panel20,20200520_03
59,panel20,20200521_03
60,panel21,20200509_01
61,panel21,20200520_03
62,panel21,20200521_03
63,panel22,20200509_01
64,panel22,20200520_03
65,panel22,20200521_03
66,panel23,20200509_01
67,panel23,20200520_03
68,panel23,20200521_03
69,panel24,20200509_01
70,panel24,20200520_03
71,panel24,20200521_03
72,panel25,20200509_01
73,panel25,20200520_03
74,panel25,20200521_03
75,panel26,20200509_01
76,panel26,20200520_03
77,panel26,20200521_03
78,panel27,20200509_01
79,panel27,20200520_03
80,panel27,20200521_03
81,panel28,20200509_01
82,panel28,20200520_03
83,panel28,20200521_03
84,panel29,20200509_01
85,panel29,20200520_03
86,panel29,20200521_03
87,panel30,20200509_01
88,panel30,20200520_03
89,panel30,20200521_03
90,panel31,20200509_01
91,panel31,20200520_03
92,panel31,20200521_03
93,panel32,20200509_01
94,panel32,20200520_03
95,panel32,20200521_03
96,panel33,20200509_01
97,panel33,20200520_03
98,panel33,20200521_03
99,panel35,20200509_01
100,panel35,20200520_03
101,panel35,20200521_03
102,panel36,20200509_01
103,panel36,20200520_03
104,panel36,20200521_03
105,panel37,20200509_01
106,panel37,20200520_03
107,panel37,20200521_03
108,panel38,20200509_01
109,panel38,20200520_03
110,panel38,20200521_03
111,panel39,20200509_01
112,panel39,20200520_03
113,panel39,20200521_03
114,panel40,20200509_01
115,panel40,20200520_03
116,panel40,20200521_03
117,panel41,20200509_01
118,panel41,20200520_03
119,panel41,20200521_03
120,panel42,20200509_01
121,panel42,20200520_03
122,panel42,20200521_03
123,panel43,20200509_01
124,panel43,20200520_03
125,panel43,20200521_03
126,panel44,20200509_01
127,panel44,20200520_03
128,panel44,20200521_03
129,panel45,20200509_01
130,panel45,20200520_03
131,panel45,20200521_03
132,panel47,20200509_01
133,panel47,20200520_03
134,panel47,20200521_03
135,panel48,20200509_01
136,panel48,20200520_03
137,panel48,20200521_03
